{
    "A1": -2.53448920715644,
    "A2": 2.17117809298336,
    "A3": -0.626504655602189,
    "B0": 0.00127302877809082,
    "B1": 0.00381908633427247,
    "B2": 0.00381908633427247,
    "B3": 0.00127302877809082
}
